the 6th Rank of wizard,https://unsplash.com/photos/HKKM537I_Ik,144,should the be ranked by chance or glance?,t,2020-12-23 04:05:06,5,7
the 6th Rank of wizard,https://unsplash.com/photos/HKKM537I_Ik,144,should the be ranked by chance or glance?,t,2020-12-23 04:05:06,5,7
the 6th Rank of wizard,https://unsplash.com/photos/HKKM537I_Ik,144,should the be ranked by chance or glance?,t,2020-12-23 04:05:06,5,7
the 6th Rank of wizard,https://unsplash.com/photos/HKKM537I_Ik,144,should the be ranked by chance or glance?,t,2020-12-23 04:05:06,5,7
the 6th Rank of wizard,https://unsplash.com/photos/HKKM537I_Ik,144,should the be ranked by chance or glance?,t,2020-12-23 04:05:06,5,7
the 6th Rank of wizard,https://unsplash.com/photos/HKKM537I_Ik,144,should the be ranked by chance or glance?,t,2020-12-23 04:05:06,5,7
the 6th Rank of wizard,https://unsplash.com/photos/HKKM537I_Ik,144,should the be ranked by chance or glance?,t,2020-12-23 04:05:06,5,7
the 6th Rank of wizard,https://unsplash.com/photos/HKKM537I_Ik,144,should the be ranked by chance or glance?,t,2020-12-23 04:05:06,5,7
the 6th Rank of wizard,https://unsplash.com/photos/HKKM537I_Ik,144,should the be ranked by chance or glance?,t,2020-12-23 04:05:06,5,7
the 6th Rank of wizard,https://unsplash.com/photos/HKKM537I_Ik,144,should the be ranked by chance or glance?,t,2020-12-23 04:05:06,5,7
the 6th Rank of wizard,https://unsplash.com/photos/HKKM537I_Ik,3,should the be ranked by chance or glance?,t,2020-12-23 04:05:06,5,7
the 6th Rank of wizard,https://unsplash.com/photos/HKKM537I_Ik,3,should the be ranked by chance or glance?,t,2020-12-23 04:05:06,5,8
